{"cameraMode":{"drawMode":0,"name":"Shaded","section":"Shading Mode"},"sceneLighting":true,"audioPlay":false,"sceneViewState":{"m_AlwaysRefresh":false,"showFog":true,"showSkybox":true,"showFlares":true,"showImageEffects":true,"showParticleSystems":true,"showVisualEffectGraphs":true,"m_FxEnabled":true},"in2DMode":false,"pivot":{"x":-2.880345344543457,"y":2.0159971714019777,"z":-1.1588420867919922},"rotation":{"x":0.1725405752658844,"y":-0.007985624484717846,"z":0.0013858393067494035,"w":0.9850478768348694},"size":5.368434429168701,"orthographic":false}