{"cameraMode":{"drawMode":0,"name":"Shaded","section":"Shading Mode"},"sceneLighting":true,"audioPlay":false,"sceneViewState":{"m_AlwaysRefresh":false,"showFog":true,"showSkybox":true,"showFlares":true,"showImageEffects":true,"showParticleSystems":true,"showVisualEffectGraphs":true,"m_FxEnabled":true},"in2DMode":false,"pivot":{"x":3.9367763996124269,"y":1.9714438915252686,"z":1.3721814155578614},"rotation":{"x":0.22800737619400025,"y":0.0889502689242363,"z":-0.02089291624724865,"w":0.9694133996963501},"size":3.7451858520507814,"orthographic":false}