{"cameraMode":{"drawMode":0,"name":"Shaded","section":"Shading Mode"},"sceneLighting":true,"audioPlay":false,"sceneViewState":{"m_AlwaysRefresh":false,"showFog":true,"showSkybox":true,"showFlares":true,"showImageEffects":true,"showParticleSystems":true,"showVisualEffectGraphs":true,"m_FxEnabled":true},"in2DMode":false,"pivot":{"x":-8.060450553894043,"y":-0.49090301990509035,"z":-1.1920928955078126e-7},"rotation":{"x":0.22674190998077393,"y":-0.533707320690155,"z":0.15116335451602937,"w":0.8005674481391907},"size":0.7075485587120056,"orthographic":true}