{"cameraMode":{"drawMode":0,"name":"Shaded","section":"Shading Mode"},"sceneLighting":true,"audioPlay":false,"sceneViewState":{"m_AlwaysRefresh":false,"showFog":true,"showSkybox":true,"showFlares":true,"showImageEffects":true,"showParticleSystems":true,"showVisualEffectGraphs":true,"m_FxEnabled":true},"in2DMode":false,"pivot":{"x":8.979999542236329,"y":3.380000114440918,"z":-5.960464477539063e-8},"rotation":{"x":0.20962457358837129,"y":0.05275724455714226,"z":-0.011379093863070012,"w":0.9763267636299133},"size":1.6810215711593629,"orthographic":false}