{"cameraMode":{"drawMode":0,"name":"Shaded","section":"Shading Mode"},"sceneLighting":true,"audioPlay":false,"sceneViewState":{"m_AlwaysRefresh":false,"showFog":true,"showSkybox":true,"showFlares":true,"showImageEffects":true,"showParticleSystems":true,"showVisualEffectGraphs":true,"m_FxEnabled":true},"in2DMode":false,"pivot":{"x":2.882089376449585,"y":-2.411081552505493,"z":-0.538515567779541},"rotation":{"x":0.15980768203735352,"y":-0.011848709546029568,"z":0.0019395033596083522,"w":0.9871220588684082},"size":2.5912256240844728,"orthographic":false}