{"cameraMode":{"drawMode":0,"name":"Shaded","section":"Shading Mode"},"sceneLighting":true,"audioPlay":false,"sceneViewState":{"m_AlwaysRefresh":false,"showFog":true,"showSkybox":true,"showFlares":true,"showImageEffects":true,"showParticleSystems":true,"showVisualEffectGraphs":true,"m_FxEnabled":true},"in2DMode":false,"pivot":{"x":-9.418427467346192,"y":-3.08286190032959,"z":-0.0035533905029296877},"rotation":{"x":0.1565166860818863,"y":-0.025496212765574456,"z":0.0039633107371628288,"w":0.987424910068512},"size":2.8912291526794435,"orthographic":false}